City_ID,City,Country,Date,Lat,Lng,Max Temp,Humidity,Cloudiness,Wind Speed
0,Bluff,NZ,2022-07-15 20:59:26,-46.6,168.3333,35.8,75,76,16.69
1,Caceres,ES,2022-07-15 20:59:26,39.522,-6.3748,91.26,18,100,8.95
2,Hilo,US,2022-07-15 20:59:27,19.7297,-155.09,92.28,86,45,5.99
3,Galle,LK,2022-07-15 20:59:27,6.0367,80.217,77.95,87,85,10.69
4,Santa Isabel Do Rio Negro,BR,2022-07-15 20:59:27,-0.4139,-65.0192,77.09,88,97,2.77
5,Gorontalo,ID,2022-07-15 20:59:28,0.5412,123.0595,74.68,95,100,4.59
6,Bosansko Grahovo,BA,2022-07-15 20:59:28,44.1794,16.3639,63.73,70,0,5.97
7,Bethel,US,2022-07-15 20:59:29,41.3712,-73.414,86.54,50,50,1.01
8,Vardo,NO,2022-07-15 20:59:29,70.3705,31.1107,57.18,82,0,2.3
9,Namibe,AO,2022-07-15 20:59:29,-15.1961,12.1522,65.68,94,30,3.58
10,Port Lincoln,AU,2022-07-15 20:59:30,-34.7333,135.8667,54.14,45,99,22.75
11,Upernavik,GL,2022-07-15 20:55:59,72.7868,-56.1549,49.44,59,0,6.06
12,Tuatapere,NZ,2022-07-15 20:59:30,-46.1333,167.6833,34.93,90,44,5.77
13,Chokurdakh,RU,2022-07-15 20:59:31,70.6333,147.9167,51.24,74,49,18.28
14,Hasaki,JP,2022-07-15 20:59:31,35.7333,140.8333,73.8,96,98,7.09
15,Punta Arenas,CL,2022-07-15 20:52:17,-53.15,-70.9167,32.02,93,40,8.05
16,Rikitea,PF,2022-07-15 20:56:01,-23.1203,-134.9692,68.04,79,100,10.71
17,Tsabong,BW,2022-07-15 20:59:31,-26.0217,22.401,60.53,25,0,5.41
18,Atuona,PF,2022-07-15 20:59:32,-9.8,-139.0333,76.69,75,1,13.09
19,New Norfolk,AU,2022-07-15 20:59:32,-42.7826,147.0587,45.91,82,100,1.01
20,Pingdingshan,CN,2022-07-15 20:59:33,33.7385,113.3012,82.92,82,97,1.1
21,Hobart,AU,2022-07-15 20:57:27,-42.8794,147.3294,46.26,85,75,9.22
22,Puerto Ayora,EC,2022-07-15 20:56:11,-0.7393,-90.3518,75.16,93,67,8.99
23,Kaduqli,SD,2022-07-15 20:59:33,11.0167,29.7167,72.43,85,20,1.39
24,Monteagudo,BO,2022-07-15 20:59:34,-19.8167,-63.9833,80.38,32,100,2.8
25,Ribeira Grande,PT,2022-07-15 20:59:34,38.5167,-28.7,73.8,78,20,12.66
26,Mount Gambier,AU,2022-07-15 20:54:53,-37.8333,140.7667,44.83,91,100,11.43
27,Ayan,RU,2022-07-15 20:59:34,56.45,138.1667,57.74,90,100,4.76
28,Huilong,CN,2022-07-15 20:59:35,31.8111,121.655,80.92,91,97,3.62
29,Khatanga,RU,2022-07-15 20:59:35,71.9667,102.5,53.69,64,18,5.28
30,Victoria,HK,2022-07-15 20:55:32,22.2855,114.1577,86.38,83,100,11.01
31,Udachnyy,RU,2022-07-15 20:59:36,66.4167,112.4,48.45,100,100,17.96
32,Jalingo,NG,2022-07-15 20:59:36,8.8833,11.3667,73.11,96,99,3.74
33,Dikson,RU,2022-07-15 20:56:02,73.5069,80.5464,47.44,71,100,5.1
34,Mataura,NZ,2022-07-15 20:56:03,-46.1927,168.8643,35.47,96,91,3.74
35,Loikaw,MM,2022-07-15 20:59:37,19.6742,97.2094,68.58,97,97,1.19
36,Kaitangata,NZ,2022-07-15 20:59:38,-46.2817,169.8464,38.66,91,46,10.69
37,Kodiak,US,2022-07-15 20:55:57,57.79,-152.4072,58.84,83,100,5.68
38,Ushuaia,AR,2022-07-15 20:55:57,-54.8,-68.3,35.26,60,20,10.36
39,Tasiilaq,GL,2022-07-15 20:56:03,65.6145,-37.6368,41.63,75,100,14.88
40,Ninghai,CN,2022-07-15 20:59:38,29.2892,121.4247,81.55,78,100,3.51
41,Luderitz,NA,2022-07-15 20:56:00,-26.6481,15.1594,70.9,29,0,4.72
42,Tevaitoa,PF,2022-07-15 20:59:39,-16.7833,-151.5,77.68,58,79,20.8
43,Vila Franca Do Campo,PT,2022-07-15 20:59:39,37.7167,-25.4333,72.19,90,47,12.75
44,Arraial Do Cabo,BR,2022-07-15 20:59:40,-22.9661,-42.0278,75.06,73,0,17.27
45,Porto Murtinho,BR,2022-07-15 20:59:40,-21.6989,-57.8825,93.79,28,99,11.7
46,Dutlwe,BW,2022-07-15 20:59:41,-23.9833,23.9,55.11,31,0,9.89
47,Hermanus,ZA,2022-07-15 20:56:03,-34.4187,19.2345,54.81,84,100,8.75
48,Merauke,ID,2022-07-15 21:00:41,-8.4667,140.3333,74.08,79,100,14.56
49,Strezhevoy,RU,2022-07-15 21:00:42,60.7333,77.5889,58.23,71,97,4.16
50,Thompson,CA,2022-07-15 21:00:42,55.7435,-97.8558,85.93,23,100,10.94
51,Geraldton,AU,2022-07-15 21:00:43,-28.7667,114.6,52.21,87,75,8.05
52,Bredasdorp,ZA,2022-07-15 21:00:43,-34.5322,20.0403,51.53,94,100,3.47
53,Peniche,PT,2022-07-15 21:00:44,39.3558,-9.3811,70.09,87,43,7.43
54,Halle,DE,2022-07-15 21:00:44,51.5,12.0,61.43,62,0,5.75
55,Baghdad,IQ,2022-07-15 21:00:03,33.3406,44.4009,96.35,15,0,11.03
56,Vaini,TO,2022-07-15 20:56:07,-21.2,-175.2,77.16,88,20,6.91
57,Saskylakh,RU,2022-07-15 21:00:45,71.9167,114.0833,50.59,60,32,1.7
58,Bilma,NE,2022-07-15 20:55:56,18.6853,12.9164,81.75,63,92,22.08
59,Gizo,SB,2022-07-15 21:00:46,-8.103,156.8419,81.55,78,45,15.82
60,Sao Filipe,CV,2022-07-15 21:00:46,14.8961,-24.4956,74.93,79,100,5.86
61,Saldanha,ZA,2022-07-15 20:56:07,-33.0117,17.9442,57.25,77,100,8.48
62,Skelleftea,SE,2022-07-15 21:00:47,64.7507,20.9528,57.56,100,75,4.61
63,Swellendam,ZA,2022-07-15 21:00:47,-34.0226,20.4417,54.03,79,100,1.7
64,Georgetown,MY,2022-07-15 20:51:36,5.4112,100.3354,82.89,90,20,2.3
65,Yellowknife,CA,2022-07-15 20:56:02,62.456,-114.3525,61.32,67,100,4.61
66,Roald,NO,2022-07-15 21:00:48,62.5833,6.1333,52.32,87,75,10.36
67,Fortuna,US,2022-07-15 21:00:49,40.5982,-124.1573,71.92,67,0,7.0
68,Nikolskoye,RU,2022-07-15 21:00:49,59.7035,30.7861,57.09,95,61,5.26
69,Rio Gallegos,AR,2022-07-15 21:00:50,-51.6226,-69.2181,31.55,78,6,18.32
70,Lagoa,PT,2022-07-15 21:00:50,39.05,-27.9833,69.35,90,25,14.76
71,Busselton,AU,2022-07-15 20:56:00,-33.65,115.3333,58.59,64,100,3.04
72,Umm Lajj,SA,2022-07-15 21:00:51,25.0213,37.2685,84.42,67,0,7.52
73,Talnakh,RU,2022-07-15 21:00:52,69.4865,88.3972,53.92,70,8,1.57
74,Cangzhou,CN,2022-07-15 21:00:52,38.3167,116.8667,81.61,69,74,4.9
75,Cape Town,ZA,2022-07-15 20:55:57,-33.9258,18.4232,61.38,84,100,4.0
76,Sitka,US,2022-07-15 21:00:53,57.0531,-135.33,57.51,94,99,5.53
77,Sao Joaquim,BR,2022-07-15 21:00:53,-28.2939,-49.9317,58.68,76,100,6.85
78,Cabo Frio,BR,2022-07-15 21:00:54,-22.8794,-42.0186,72.3,79,55,25.95
79,Barrow,US,2022-07-15 21:00:54,71.2906,-156.7887,39.22,81,100,11.5
80,Kapaa,US,2022-07-15 21:00:55,22.0752,-159.319,80.47,74,71,5.99
81,Nantucket,US,2022-07-15 21:00:55,41.2835,-70.0995,78.01,81,100,6.8
82,Saraland,US,2022-07-15 20:57:47,30.8207,-88.0706,91.13,68,85,4.21
83,Kungurtug,RU,2022-07-15 21:00:56,50.5994,97.5228,39.07,94,10,1.79
84,Loiza,PR,2022-07-15 21:00:57,18.4313,-65.8802,87.64,84,11,15.9
85,Kununurra,AU,2022-07-15 21:00:57,-15.7667,128.7333,46.38,71,24,1.14
86,Bima,ID,2022-07-15 21:00:58,-8.4667,118.7167,73.27,94,57,3.56
87,Jamestown,US,2022-07-15 20:56:06,42.097,-79.2353,80.02,42,59,5.01
88,Ancud,CL,2022-07-15 21:00:59,-41.8697,-73.8203,44.22,71,0,4.68
89,Avarua,CK,2022-07-15 21:00:59,-21.2078,-159.775,77.05,57,40,19.57
90,Ambon,ID,2022-07-15 21:00:59,-3.6954,128.1814,79.23,14,89,11.79
91,La Asuncion,VE,2022-07-15 21:02:00,11.0333,-63.8628,73.13,100,100,8.05
92,Altay,CN,2022-07-15 21:02:00,47.8667,88.1167,57.54,32,2,5.82
93,Arshan,RU,2022-07-15 21:02:01,46.2732,44.22,73.78,43,1,6.71
94,Tuktoyaktuk,CA,2022-07-15 21:02:01,69.4541,-133.0374,39.51,74,54,8.97
95,Aberdeen,GB,2022-07-15 20:58:39,57.1437,-2.0981,55.89,71,64,5.75
96,Touros,BR,2022-07-15 21:02:02,-5.1989,-35.4608,75.51,87,28,14.67
97,Atar,MR,2022-07-15 21:02:03,20.5169,-13.0499,99.03,22,7,9.73
98,Haines Junction,CA,2022-07-15 21:02:03,60.7522,-137.5108,52.93,89,100,2.17
99,Port Elizabeth,ZA,2022-07-15 20:57:29,-33.918,25.5701,57.49,88,0,8.05
100,Kitimat,CA,2022-07-15 21:02:04,54.0524,-128.6534,56.91,26,100,1.45
101,Iqaluit,CA,2022-07-15 21:00:40,63.7506,-68.5145,68.7,43,100,25.99
102,Progreso,MX,2022-07-15 21:02:05,21.2833,-89.6667,98.11,66,5,17.09
103,Milton,US,2022-07-15 20:59:51,34.1322,-84.3007,95.2,47,51,1.99
104,Santarem,BR,2022-07-15 21:02:05,-2.4431,-54.7083,83.48,68,96,5.55
105,Ordzhonikidze,KZ,2022-07-15 21:02:06,52.4411,61.7408,66.27,86,63,4.74
106,Awjilah,LY,2022-07-15 21:02:07,29.1081,21.2869,78.85,47,0,15.61
107,San Policarpo,PH,2022-07-15 21:02:07,12.1791,125.5072,78.64,85,27,3.87
108,Looc,PH,2022-07-15 21:02:08,12.2605,121.9926,80.69,82,96,3.4
109,Buluang,PH,2022-07-15 21:02:08,13.3068,123.3425,77.99,91,89,1.36
110,Faanui,PF,2022-07-15 21:02:09,-16.4833,-151.75,77.83,59,76,19.6
111,Macapa,BR,2022-07-15 20:59:12,0.0389,-51.0664,91.38,62,20,10.36
112,Bambous Virieux,MU,2022-07-15 21:02:10,-20.3428,57.7575,68.22,80,96,17.67
113,Barcelos,PT,2022-07-15 21:00:51,41.5388,-8.6151,75.85,84,27,2.42
114,Airai,TL,2022-07-15 21:02:10,-8.9266,125.4092,53.69,90,96,3.96
115,Goderich,CA,2022-07-15 21:02:11,43.7501,-81.7165,75.9,58,93,7.61
116,Totness,SR,2022-07-15 21:02:11,5.8833,-56.3167,79.38,87,85,8.48
117,Jiuquan,CN,2022-07-15 21:02:12,39.7432,98.5174,70.47,47,100,2.06
118,Saint-Philippe,RE,2022-07-15 21:02:12,-21.3585,55.7679,65.21,83,60,11.81
119,Torbay,CA,2022-07-15 21:02:08,47.6666,-52.7314,70.88,88,100,1.01
120,Lorengau,PG,2022-07-15 21:02:13,-2.0226,147.2712,80.08,78,91,9.95
121,Aksarka,RU,2022-07-15 21:02:14,66.5606,67.7975,54.43,60,24,7.25
122,Butaritari,KI,2022-07-15 21:02:14,3.0707,172.7902,81.54,82,100,19.46
123,Carnarvon,AU,2022-07-15 21:02:15,-24.8667,113.6333,63.99,61,0,12.19
124,Hithadhoo,MV,2022-07-15 21:02:15,-0.6,73.0833,83.39,74,97,16.15
125,Eunice,US,2022-07-15 20:58:01,30.4944,-92.4176,91.29,51,21,6.26
126,Mar Del Plata,AR,2022-07-15 21:00:07,-38.0023,-57.5575,51.1,93,100,7.0
127,Port-Gentil,GA,2022-07-15 21:02:16,-0.7193,8.7815,75.16,83,75,8.05
128,Taksimo,RU,2022-07-15 21:02:17,56.3444,114.8794,60.28,96,98,1.23
129,Qaqortoq,GL,2022-07-15 21:02:17,60.7167,-46.0333,44.71,83,29,7.99
130,Cidreira,BR,2022-07-15 21:02:18,-30.1811,-50.2056,62.31,97,99,10.42
131,Rosetta,EG,2022-07-15 21:02:18,31.4044,30.4164,76.41,71,0,11.32
132,Starodub,RU,2022-07-15 21:02:19,52.5844,32.7633,53.22,94,0,7.45
133,Verkhnyaya Inta,RU,2022-07-15 21:02:19,65.9811,60.3094,68.88,73,70,15.86
134,Murud,IN,2022-07-15 21:02:20,18.3258,72.965,80.15,85,100,18.32
135,Lensk,RU,2022-07-15 21:03:20,60.7253,114.9278,63.25,100,100,3.09
136,Ponta Do Sol,PT,2022-07-15 21:03:20,32.6667,-17.1,74.01,81,19,6.17
137,Nowa Deba,PL,2022-07-15 21:03:21,50.4297,21.7508,59.83,60,46,4.38
138,Raga,SS,2022-07-15 21:03:21,8.4596,25.678,69.93,85,100,2.39
139,Guerrero Negro,MX,2022-07-15 21:03:21,27.9769,-114.0611,77.07,58,10,17.31
140,Usinsk,RU,2022-07-15 21:03:22,65.9939,57.5281,69.75,69,33,7.16
141,Alofi,NU,2022-07-15 21:03:09,-19.0595,-169.9187,77.68,69,81,21.54
142,Gravdal,NO,2022-07-15 21:03:23,68.1214,13.5031,48.09,100,75,4.61
143,Teya,RU,2022-07-15 21:03:23,60.3778,92.6267,43.12,96,20,2.42
144,Riyadh,SA,2022-07-15 21:00:33,24.6877,46.7219,91.83,11,72,9.64
145,Devonport,AU,2022-07-15 21:03:24,-41.1667,146.35,49.01,83,100,6.06
146,Grindavik,IS,2022-07-15 21:03:24,63.8424,-22.4338,52.27,93,100,23.02
147,Varzelandia,BR,2022-07-15 21:03:26,-15.7014,-44.0275,70.75,29,12,2.91
148,Albany,US,2022-07-15 21:03:26,42.6001,-73.9662,86.18,36,23,3.47
149,Dagana,MR,2022-07-15 21:03:27,16.5165,-15.5068,84.51,60,42,17.54
150,Hangal,IN,2022-07-15 21:03:27,14.7667,75.1333,71.28,92,90,15.12
151,Sao Domingos,BR,2022-07-15 21:03:27,-13.3983,-46.3183,77.36,34,8,6.4
152,Breves,BR,2022-07-15 21:03:28,-1.6822,-50.4803,81.46,70,92,1.92
153,Dandong,CN,2022-07-15 20:59:34,40.1292,124.3947,66.24,95,1,4.92
154,Port Alfred,ZA,2022-07-15 21:02:20,-33.5906,26.891,56.17,88,13,14.23
155,Pullman,US,2022-07-15 21:03:28,46.7313,-117.1796,88.03,34,0,8.99
156,Cherskiy,RU,2022-07-15 21:03:29,68.75,161.3,56.77,35,60,3.89
157,Thinadhoo,MV,2022-07-15 21:03:29,0.5333,72.9333,83.16,76,99,14.67
158,Curillo,CO,2022-07-15 21:03:30,1.0333,-75.9191,85.15,65,74,3.76
159,Auki,SB,2022-07-15 21:01:24,-8.7676,160.7034,78.51,80,100,3.98
160,Camacha,PT,2022-07-15 21:01:19,33.0833,-16.3333,67.42,73,75,8.05
161,Manggar,ID,2022-07-15 21:03:31,-2.8833,108.2667,80.56,79,78,4.25
162,Upata,VE,2022-07-15 21:03:31,8.0086,-62.3989,76.19,91,89,1.05
163,Dudinka,RU,2022-07-15 21:03:31,69.4058,86.1778,51.03,75,22,9.28
164,Karlskrona,SE,2022-07-15 21:03:32,56.1616,15.5866,55.85,69,4,16.15
165,Sistranda,NO,2022-07-15 21:03:32,63.7256,8.834,48.16,75,100,15.21
166,Vila Do Maio,CV,2022-07-15 21:03:32,15.1333,-23.2167,75.58,76,100,5.17
167,Delta Del Tigre,UY,2022-07-15 21:03:33,-34.7633,-56.3853,52.21,100,100,10.36
168,Mineros,BO,2022-07-15 21:03:33,-17.1167,-63.2333,85.26,53,99,11.01
169,Kavieng,PG,2022-07-15 21:03:33,-2.5744,150.7967,81.48,77,78,10.18
170,Vila Velha,BR,2022-07-15 21:00:21,-20.3297,-40.2925,72.55,76,11,11.48
171,Castro,BR,2022-07-15 20:56:08,-24.7911,-50.0119,63.14,65,98,5.21
172,Tiksi,RU,2022-07-15 21:03:34,71.6872,128.8694,39.63,88,94,6.67
173,Tupancireta,BR,2022-07-15 21:03:34,-29.0806,-53.8358,63.52,86,78,9.04
174,Caala,AO,2022-07-15 21:03:35,-12.8525,15.5606,56.16,38,0,2.42
175,San Cristobal,VE,2022-07-15 21:03:35,7.7669,-72.225,78.98,62,35,4.61
176,Longyearbyen,SJ,2022-07-15 21:01:43,78.2186,15.6401,57.04,62,75,13.8
177,Qaanaaq,GL,2022-07-15 20:56:07,77.484,-69.3632,50.47,63,79,8.79
178,Potsdam,DE,2022-07-15 21:03:36,52.3989,13.0657,64.18,55,97,6.51
179,Port Keats,AU,2022-07-15 21:03:36,-14.25,129.55,59.79,67,10,8.14
180,Nevelsk,RU,2022-07-15 21:03:36,46.6733,141.8633,55.13,83,90,13.24
181,San Quintin,MX,2022-07-15 21:01:37,30.4833,-115.95,73.63,66,2,13.04
182,Kruisfontein,ZA,2022-07-15 21:04:37,-34.0033,24.7314,51.89,81,91,4.21
183,Salalah,OM,2022-07-15 21:04:37,17.0151,54.0924,78.82,87,100,10.02
184,Keller,US,2022-07-15 21:04:38,32.9346,-97.2517,102.52,34,40,8.05
185,Meulaboh,ID,2022-07-15 21:04:38,4.1363,96.1285,76.41,88,88,3.96
186,Miles City,US,2022-07-15 21:02:00,46.4083,-105.8406,99.57,25,0,6.91
187,Soyo,AO,2022-07-15 21:04:39,-6.1349,12.3689,70.38,91,3,8.1
188,Ust-Uda,RU,2022-07-15 21:04:39,54.1742,103.0304,52.07,96,100,3.11
189,Palm Coast,US,2022-07-15 21:03:41,29.585,-81.2078,90.09,68,0,11.5
190,Arlit,NE,2022-07-15 21:04:40,18.7369,7.3853,96.1,10,5,13.73
191,Dali,CN,2022-07-15 21:04:40,25.7,100.1833,64.33,91,65,4.56
192,Tiznit,MA,2022-07-15 21:04:40,29.5833,-9.5,80.76,47,33,0.98
193,Elizabeth City,US,2022-07-15 21:04:41,36.2946,-76.2511,86.0,77,20,8.05
194,Bubaque,GW,2022-07-15 21:02:04,11.2833,-15.8333,80.58,80,100,14.12
195,Husavik,IS,2022-07-15 21:04:41,66.0449,-17.3389,55.15,68,19,12.17
196,Port Augusta,AU,2022-07-15 21:02:37,-32.5,137.7667,45.79,38,0,18.52
197,Kaeo,NZ,2022-07-15 21:03:13,-35.1,173.7833,48.33,97,99,5.84
198,Baykit,RU,2022-07-15 21:04:35,61.67,96.37,49.57,93,91,0.94
199,Mbarara,UG,2022-07-15 21:04:42,-0.608,30.65,70.16,53,90,2.01
200,Ous,RU,2022-07-15 21:04:43,60.9058,61.5186,63.07,98,99,2.42
201,Batagay,RU,2022-07-15 21:04:43,67.6333,134.6333,62.53,72,99,9.22
202,Praia,CV,2022-07-15 21:04:43,14.9215,-23.5087,75.54,77,100,6.26
203,Norman Wells,CA,2022-07-15 21:04:44,65.282,-126.8329,61.47,48,95,4.52
204,Palmer,US,2022-07-15 21:03:42,42.1584,-72.3287,85.06,39,40,5.75
205,Asau,RO,2022-07-15 21:04:44,46.4333,26.4,67.12,90,26,2.51
206,Adrar,MR,2022-07-15 21:01:22,20.5022,-10.0711,100.83,15,18,8.7
207,Yaan,NG,2022-07-15 21:04:45,7.3833,8.5667,72.03,96,100,6.44
208,Contamana,PE,2022-07-15 21:04:45,-7.3333,-75.0167,90.18,48,78,0.87
209,Hun,LY,2022-07-15 21:04:46,29.1268,15.9477,80.17,36,0,15.3
210,Mahebourg,MU,2022-07-15 21:01:08,-20.4081,57.7,68.25,80,92,17.74
211,Charleston,US,2022-07-15 21:00:07,32.7766,-79.9309,85.21,75,0,6.91
212,Labuhan,ID,2022-07-15 21:03:13,-6.8844,112.2051,76.96,87,65,6.71
213,Kismayo,SO,2022-07-15 21:04:46,-0.3582,42.5454,75.72,82,100,16.02
214,Isangel,VU,2022-07-15 21:04:47,-19.55,169.2667,72.14,71,100,18.14
215,Huntsville,US,2022-07-15 21:02:31,34.7304,-86.5861,93.15,45,40,9.22
216,Prince Albert,CA,2022-07-15 21:02:45,53.2001,-105.7677,84.7,52,0,7.63
217,Sarab,IR,2022-07-15 21:04:48,38.6066,44.9883,74.79,37,0,1.03
218,Alegrete,BR,2022-07-15 21:04:48,-29.7831,-55.7919,66.45,92,80,4.43
219,Nhulunbuy,AU,2022-07-15 21:04:48,-12.2333,136.7667,70.41,78,40,8.05
220,Taree,AU,2022-07-15 21:04:49,-31.9,152.4667,44.11,79,93,3.98
221,Agua Verde,MX,2022-07-15 21:04:49,22.9,-106.05,93.29,69,100,8.32
222,Ostrovnoy,RU,2022-07-15 21:03:08,68.0531,39.5131,58.73,87,100,8.5
223,Shetpe,KZ,2022-07-15 21:04:50,44.1667,52.1167,80.53,29,57,9.42
224,Anchorage,US,2022-07-15 21:00:00,61.2181,-149.9003,62.69,81,100,8.01
225,Fort Nelson,CA,2022-07-15 21:02:13,58.8053,-122.7002,77.34,32,94,2.82
226,Maguling,PH,2022-07-15 21:04:50,6.095,124.4033,77.36,87,85,3.74
227,Chuy,UY,2022-07-15 21:02:36,-33.6971,-53.4616,58.86,99,100,1.32
228,Dom Pedrito,BR,2022-07-15 21:04:51,-30.9828,-54.6731,63.75,96,19,5.41
229,Santa Rosa,PH,2022-07-15 21:04:59,14.3122,121.1114,80.11,89,100,3.02
230,Abalak,RU,2022-07-15 21:05:51,58.1286,68.5944,61.23,90,87,5.73
231,Severo-Kurilsk,RU,2022-07-15 21:05:52,50.6789,156.125,54.84,93,70,9.86
232,Dunedin,NZ,2022-07-15 21:05:52,-45.8742,170.5036,43.81,59,9,8.01
233,Loa Janan,ID,2022-07-15 21:05:52,-0.583,117.095,72.07,98,100,1.54
234,Broken Hill,AU,2022-07-15 21:05:53,-31.95,141.4333,45.1,40,100,15.75
235,Berezovyy,RU,2022-07-15 21:05:53,51.6667,135.7,66.65,86,37,2.28
236,Hami,CN,2022-07-15 21:05:53,42.8,93.45,76.95,12,16,12.17
237,High Level,CA,2022-07-15 21:05:54,58.5169,-117.136,77.38,30,100,3.98
238,Axim,GH,2022-07-15 21:05:54,4.8699,-2.2405,75.58,87,99,12.24
239,Nanortalik,GL,2022-07-15 21:02:19,60.1432,-45.2371,43.02,88,33,9.19
240,Mayumba,GA,2022-07-15 21:05:55,-3.432,10.6554,69.6,93,7,4.97
241,Pavlohrad,UA,2022-07-15 21:05:55,48.5167,35.8667,68.56,51,4,5.53
242,Pevek,RU,2022-07-15 21:05:55,69.7008,170.3133,36.93,70,100,4.47
243,Kingston,JM,2022-07-15 21:02:51,17.997,-76.7936,86.22,81,66,4.97
244,Aykhal,RU,2022-07-15 21:05:56,66.0,111.5,51.75,98,100,7.47
245,Lotoshino,RU,2022-07-15 21:05:56,56.2267,35.6414,53.98,85,92,8.1
246,Bengkulu,ID,2022-07-15 21:03:31,-3.8004,102.2655,75.56,88,100,3.42
247,Saint-Augustin,CA,2022-07-15 21:05:57,51.226,-58.6502,65.07,53,46,16.87
248,Turukhansk,RU,2022-07-15 21:05:57,65.8167,87.9833,53.06,85,100,8.1
249,Bend,US,2022-07-15 21:04:50,44.0582,-121.3153,90.72,25,0,11.5
250,Dingle,PH,2022-07-15 21:05:58,10.9995,122.6711,76.33,91,97,0.63
251,Wajir,KE,2022-07-15 21:05:58,1.7471,40.0573,75.33,65,95,17.05
252,Kristiansund,NO,2022-07-15 21:05:59,63.1115,7.732,51.85,87,100,8.05
253,Ahipara,NZ,2022-07-15 21:05:59,-35.1667,173.1667,53.87,75,100,9.24
254,Antofagasta,CL,2022-07-15 21:06:00,-23.65,-70.4,60.08,70,0,5.99
255,Dubbo,AU,2022-07-15 21:06:00,-32.25,148.6167,26.73,100,100,8.05
256,Kulhudhuffushi,MV,2022-07-15 21:06:00,6.6221,73.07,81.16,81,86,10.27
257,Nome,US,2022-07-15 21:02:39,64.5011,-165.4064,61.16,57,47,6.26
258,Quelimane,MZ,2022-07-15 21:06:01,-17.8786,36.8883,62.96,82,6,5.1
259,Mildura,AU,2022-07-15 21:06:01,-34.2,142.15,44.08,78,100,12.93
260,Ust-Nera,RU,2022-07-15 21:06:02,64.5667,143.2,75.92,53,82,1.79
261,Hereford,GB,2022-07-15 21:06:02,52.0568,-2.7148,64.06,76,59,4.72
262,Waipawa,NZ,2022-07-15 21:03:07,-41.4122,175.5153,43.83,79,98,5.97
263,Nikolayevka,RU,2022-07-15 21:06:03,53.1257,47.2041,60.31,84,2,6.89
264,Saint Anthony,US,2022-07-15 21:06:03,45.0205,-93.218,91.29,52,20,6.91
265,Souillac,MU,2022-07-15 21:01:07,-20.5167,57.5167,70.27,82,88,15.19
266,Amarante Do Maranhao,BR,2022-07-15 21:06:04,-5.5667,-46.7422,84.11,40,61,3.71
267,Abu Samrah,SY,2022-07-15 21:05:11,35.3029,37.1841,73.85,71,0,14.74
268,Wad Rawah,SD,2022-07-15 21:06:05,15.1603,33.1397,86.36,49,19,13.98
269,La Rioja,ES,2022-07-15 21:06:05,42.25,-2.5,78.58,32,4,5.28
270,Beringovskiy,RU,2022-07-15 21:06:05,63.05,179.3167,47.1,76,30,7.38
271,Kiama,AU,2022-07-15 21:06:06,-34.6833,150.8667,46.26,74,86,1.99
272,Gimli,CA,2022-07-15 21:06:06,50.6336,-96.9907,76.21,67,1,6.49
273,Douglas,US,2022-07-15 21:03:43,41.3,-96.167,94.87,57,0,11.5
274,Gat,IL,2022-07-15 21:06:07,31.61,34.7642,77.68,100,1,4.92
275,Coihueco,CL,2022-07-15 21:07:07,-36.6167,-71.8333,41.74,93,100,2.3
276,Alta Floresta,BR,2022-07-15 21:07:07,-9.8756,-56.0861,92.89,27,11,2.95
277,Dalvik,IS,2022-07-15 21:06:15,65.9702,-18.5286,54.34,70,75,2.98
278,Qasigiannguit,GL,2022-07-15 21:07:09,68.8193,-51.1922,59.25,72,12,4.59
279,Aksum,ET,2022-07-15 21:07:09,14.1245,38.7244,57.34,92,52,2.55
280,Filadelfia,US,2022-07-15 21:03:03,39.9523,-75.1638,88.02,44,40,6.91
281,Yaring,TH,2022-07-15 21:07:10,6.8662,101.3689,77.56,82,58,7.63
282,Leningradskiy,RU,2022-07-15 21:03:38,69.3833,178.4167,41.77,68,100,5.97
283,Bonthe,SL,2022-07-15 21:07:10,7.5264,-12.505,77.11,81,99,8.5
284,Berlevag,NO,2022-07-15 21:07:11,70.8578,29.0864,67.8,82,0,14.97
285,Tara,RU,2022-07-15 21:07:11,56.8944,74.371,57.92,90,66,0.83
286,Tura,IN,2022-07-15 21:02:47,25.5198,90.2201,75.31,94,11,4.34
287,Koluszki,PL,2022-07-15 21:07:12,51.7387,19.8199,54.9,100,58,3.31
288,Kirakira,SB,2022-07-15 21:07:12,-10.4544,161.9205,80.01,80,71,8.12
289,Lavrentiya,RU,2022-07-15 21:07:12,65.5833,-171.0,45.97,62,12,4.45
290,Kamenskiy,RU,2022-07-15 21:07:13,50.8855,45.488,63.34,68,0,3.36
291,Egvekinot,RU,2022-07-15 21:03:46,66.3167,-179.1667,44.29,60,88,4.54
292,Sao Lourenco,BR,2022-07-15 21:05:43,-22.1164,-45.0544,65.14,59,79,1.45
293,Crestview,US,2022-07-15 21:03:12,30.7621,-86.5705,89.89,78,75,10.36
294,Clyde River,CA,2022-07-15 21:03:18,70.4692,-68.5914,54.59,45,79,17.27
295,Los Llanos De Aridane,ES,2022-07-15 21:07:14,28.6585,-17.9182,67.75,91,20,14.97
296,Poronaysk,RU,2022-07-15 21:07:14,49.2167,143.1167,55.99,88,100,5.59
297,Nemuro,JP,2022-07-15 21:07:14,43.3236,145.575,61.03,86,100,11.92
298,Cabedelo,BR,2022-07-15 21:07:15,-6.9811,-34.8339,77.67,84,4,14.16
299,Borogontsy,RU,2022-07-15 21:07:15,62.6683,131.1683,67.86,91,90,1.32
300,Misratah,LY,2022-07-15 21:07:16,32.3754,15.0925,79.18,55,0,10.11
301,Nanao,JP,2022-07-15 21:07:16,37.05,136.9667,74.28,93,67,2.84
302,Xai-Xai,MZ,2022-07-15 21:07:16,-25.0519,33.6442,66.47,75,9,9.57
303,Voskresenskoye,RU,2022-07-15 21:07:17,56.8381,45.4317,58.8,87,40,5.41
304,Oktyabrskiy,RU,2022-07-15 21:07:17,54.4815,53.471,61.12,95,72,10.87
305,Chirilagua,SV,2022-07-15 21:07:17,13.2203,-88.1386,94.69,42,94,3.96
306,Boyolangu,ID,2022-07-15 21:07:18,-8.1181,111.8935,73.67,94,62,2.15
307,Vao,NC,2022-07-15 21:03:39,-22.6667,167.4833,68.76,61,2,19.44
308,College,US,2022-07-15 21:07:18,64.8569,-147.8028,69.58,46,100,9.22
309,San Patricio,US,2022-07-15 21:07:19,28.017,-97.5169,89.46,59,100,8.1
310,Provideniya,RU,2022-07-15 21:03:41,64.3833,-173.3,47.8,68,79,1.32
311,Buchanan,LR,2022-07-15 21:07:20,5.8808,-10.0467,75.54,87,100,10.07
312,Taonan,CN,2022-07-15 21:07:20,45.3333,122.7833,64.51,95,92,8.3
313,Santa Cruz De La Palma,ES,2022-07-15 21:07:20,28.6835,-17.7642,71.74,78,20,14.97
314,Lenexa,US,2022-07-15 21:03:23,38.9536,-94.7336,100.51,40,0,23.02
315,Sri Aman,MY,2022-07-15 21:07:21,1.2376,111.4621,73.24,97,100,1.43
316,Jiblah,YE,2022-07-15 21:07:21,13.9216,44.1467,66.31,71,93,6.24
317,General Roca,AR,2022-07-15 21:03:39,-39.0333,-67.5833,40.62,74,100,15.21
318,Mana,GF,2022-07-15 21:08:22,5.6592,-53.7767,80.26,82,75,6.73
319,Quatre Cocos,MU,2022-07-15 21:08:23,-20.2078,57.7625,68.09,82,95,17.13
320,Sutton,GB,2022-07-15 21:08:23,51.35,-0.2,71.35,56,0,4.61
321,Beyneu,KZ,2022-07-15 21:08:23,45.3167,55.2,86.49,27,0,10.0
322,Sambava,MG,2022-07-15 21:08:24,-14.2667,50.1667,67.96,89,47,10.94
323,Cap Malheureux,MU,2022-07-15 21:08:24,-19.9842,57.6142,68.47,84,84,4.0
324,Fenyi,CN,2022-07-15 21:08:24,27.8112,114.6681,79.52,77,100,2.19
325,Omsukchan,RU,2022-07-15 21:08:25,62.5333,155.8,71.85,50,0,4.72
326,Tres Arroyos,AR,2022-07-15 21:08:25,-38.3739,-60.2798,48.49,91,100,9.8
327,Sao Francisco De Assis,BR,2022-07-15 21:08:25,-29.5503,-55.1311,69.66,85,64,6.33
328,Te Anau,NZ,2022-07-15 21:08:26,-45.4167,167.7167,32.23,91,56,1.43
329,Kalispell,US,2022-07-15 21:08:26,48.1958,-114.3129,79.16,60,40,4.61
330,Esperance,AU,2022-07-15 21:08:27,-33.8667,121.9,53.44,78,100,12.77
331,Kloulklubed,PW,2022-07-15 21:08:27,7.0419,134.2556,82.36,76,99,10.31
332,Magadan,RU,2022-07-15 21:08:28,59.5667,150.8,63.54,92,100,3.33
333,Hambantota,LK,2022-07-15 21:04:59,6.1241,81.1185,78.76,81,96,16.96
334,Port Hedland,AU,2022-07-15 21:08:28,-20.3167,118.5667,53.65,62,6,8.05
335,Piacabucu,BR,2022-07-15 21:08:29,-10.4056,-36.4344,73.06,87,7,11.81
336,Port Macquarie,AU,2022-07-15 21:08:29,-31.4333,152.9167,39.88,79,90,5.59
337,Blythe,US,2022-07-15 21:08:29,33.6103,-114.5964,111.04,20,100,8.05
338,San Jose,US,2022-07-15 21:06:30,37.3394,-121.895,90.45,44,0,10.36
339,Wakkanai,JP,2022-07-15 21:08:30,45.4094,141.6739,60.08,90,100,20.54
340,Klaksvik,FO,2022-07-15 21:08:30,62.2266,-6.589,47.32,75,34,5.55
341,Pisco,PE,2022-07-15 21:08:31,-13.7,-76.2167,64.45,72,40,24.16
342,Moose Factory,CA,2022-07-15 21:08:31,51.2585,-80.6094,81.45,32,100,12.71
343,Alamos,MX,2022-07-15 21:08:32,27.0167,-108.9333,98.96,39,1,7.94
344,Ilulissat,GL,2022-07-15 21:06:09,69.2167,-51.1,59.02,41,20,16.11
345,Karratha,AU,2022-07-15 21:08:32,-20.7377,116.8463,63.81,46,2,7.54
346,Laramie,US,2022-07-15 21:08:32,41.3114,-105.5911,80.98,29,75,3.44
347,Rangapara,IN,2022-07-15 21:08:33,26.8167,92.65,81.9,78,1,1.92
348,Gouyave,GD,2022-07-15 21:08:33,12.1646,-61.7296,79.63,84,100,20.11
349,Portland,US,2022-07-15 21:04:54,45.5234,-122.6762,82.56,42,20,7.0
350,Swan Hill,AU,2022-07-15 21:08:34,-35.3378,143.5544,45.07,59,100,8.72
351,Kahului,US,2022-07-15 21:08:34,20.8947,-156.47,87.82,63,40,20.71
352,Cabo San Lucas,MX,2022-07-15 21:08:35,22.8909,-109.9124,90.7,45,0,12.66
353,Burnie,AU,2022-07-15 21:08:35,-41.0667,145.9167,48.94,91,100,10.27
354,Sur,OM,2022-07-15 21:08:36,22.5667,59.5289,87.64,68,100,12.71
355,Raciborz,PL,2022-07-15 21:08:36,50.0919,18.2193,60.73,78,76,2.53
356,Leicester,GB,2022-07-15 21:04:56,52.6386,-1.1317,63.01,73,5,8.3
357,Santa Cruz Del Norte,CU,2022-07-15 21:08:37,23.1539,-81.9236,83.95,64,14,11.27
358,Vestmannaeyjar,IS,2022-07-15 21:08:37,63.4427,-20.2734,52.07,91,100,28.1
359,Kamina,CD,2022-07-15 21:08:37,-8.7386,24.9906,66.02,47,5,5.28
360,Carballo,ES,2022-07-15 21:08:38,43.213,-8.691,67.69,86,81,2.15
361,Mehamn,NO,2022-07-15 21:08:38,71.0357,27.8492,57.15,77,0,4.61
362,Katsuura,JP,2022-07-15 21:05:09,35.1333,140.3,74.93,94,100,10.85
363,Narsaq,GL,2022-07-15 21:09:39,60.9167,-46.05,49.78,66,36,6.24
364,Muros,ES,2022-07-15 21:09:39,42.7762,-9.0603,66.09,90,83,1.1
365,Florianopolis,BR,2022-07-15 21:09:06,-27.6146,-48.5012,67.41,83,75,5.75
366,Kuytun,RU,2022-07-15 21:04:53,54.3419,101.5036,50.88,87,100,3.24
367,Bochnia,PL,2022-07-15 21:09:40,49.9691,20.4303,60.12,68,46,5.32
368,Aklavik,CA,2022-07-15 21:04:51,68.2191,-135.0107,56.64,48,85,6.38
369,Amapa,BR,2022-07-15 21:09:40,1.0,-52.0,75.85,92,70,3.71
370,Simpang,ID,2022-07-15 21:09:41,-1.2667,104.0833,72.46,92,90,2.71
371,Bilibino,RU,2022-07-15 21:09:41,68.0546,166.4372,57.76,52,100,3.76
372,Kattivakkam,IN,2022-07-15 21:09:41,13.2167,80.3167,86.09,69,99,18.23
373,Oranjemund,NA,2022-07-15 21:09:42,-28.55,16.4333,65.32,38,1,3.18
374,Saint George,US,2022-07-15 21:09:42,37.1041,-113.5841,103.42,23,0,4.0
375,Walvis Bay,NA,2022-07-15 21:09:42,-22.9575,14.5053,72.09,30,0,4.88
376,Beruwala,LK,2022-07-15 21:09:43,6.4788,79.9828,78.04,86,78,8.3
377,Acapulco,MX,2022-07-15 21:05:54,16.8634,-99.8901,87.62,62,75,10.36
378,Wendelstein,DE,2022-07-15 21:09:43,49.3536,11.1483,63.95,63,0,3.44
379,East London,ZA,2022-07-15 21:09:44,-33.0153,27.9116,60.57,74,3,12.17
380,Kardailovo,RU,2022-07-15 21:09:44,51.5386,53.9042,64.98,72,0,6.8
381,Hauterive,FR,2022-07-15 21:09:44,46.0901,3.4459,74.16,55,50,4.07
382,Mayo,US,2022-07-15 21:09:45,38.8876,-76.5119,89.55,60,20,6.91
383,Warrnambool,AU,2022-07-15 21:06:11,-38.3833,142.4833,48.81,64,100,17.72
384,Urengoy,RU,2022-07-15 21:09:45,65.9667,78.3667,58.21,55,97,6.44
385,Poum,NC,2022-07-15 21:09:46,-20.2333,164.0167,71.76,58,0,24.56
386,Vanimo,PG,2022-07-15 21:09:46,-2.6741,141.3028,76.24,89,98,4.81
387,Sechura,PE,2022-07-15 21:09:47,-5.5569,-80.8222,72.64,55,0,19.69
388,Anadyr,RU,2022-07-15 21:09:47,64.75,177.4833,51.49,57,79,10.51
389,Uvinza,TZ,2022-07-15 21:09:16,-5.1036,30.3911,66.9,63,27,3.36
390,Maceio,BR,2022-07-15 21:09:47,-9.6658,-35.7353,78.24,78,40,9.22
391,Kautokeino,NO,2022-07-15 21:09:48,69.0125,23.0412,52.25,76,27,8.86
392,Conceicao Do Araguaia,BR,2022-07-15 21:09:48,-8.2578,-49.2647,87.49,31,7,4.27
393,Nioro,GM,2022-07-15 21:09:49,13.35,-15.75,82.58,75,100,10.96
394,Palembang,ID,2022-07-15 21:09:49,-2.9167,104.7458,74.3,97,97,3.2
395,Lucea,JM,2022-07-15 21:09:50,18.451,-78.1736,87.85,77,97,10.89
396,Raudeberg,NO,2022-07-15 21:09:50,61.9875,5.1352,52.47,78,59,9.44
397,Ajaccio,FR,2022-07-15 21:09:50,42.0,8.9167,73.45,78,0,4.61
398,Lebu,CL,2022-07-15 21:09:51,-37.6167,-73.65,46.9,74,59,12.55
399,Nyurba,RU,2022-07-15 21:09:51,63.2842,118.3319,64.49,93,14,4.41
400,Hay River,CA,2022-07-15 21:09:51,60.8156,-115.7999,64.36,72,75,8.05
401,Naryan-Mar,RU,2022-07-15 21:09:52,67.6713,53.087,69.08,80,82,8.14
402,Shingu,JP,2022-07-15 21:05:57,33.7333,135.9833,73.22,94,100,3.76
403,Inhambane,MZ,2022-07-15 21:09:52,-23.865,35.3833,65.73,80,11,10.87
404,Abaza,RU,2022-07-15 21:09:53,52.655,90.0928,51.93,97,100,2.68
405,Glencoe,ZA,2022-07-15 21:09:20,-28.1783,30.147,45.43,77,0,2.1
406,Aswan,EG,2022-07-15 21:09:53,24.0934,32.907,87.37,23,14,12.33
407,Chapais,CA,2022-07-15 21:09:54,49.7834,-74.8492,75.83,33,100,10.0
408,Davod,HU,2022-07-15 21:10:54,45.995,18.9172,73.06,28,82,11.95
409,Linxia,CN,2022-07-15 21:10:54,35.6003,103.2064,60.94,89,100,0.4
410,Novyy Urgal,RU,2022-07-15 21:10:55,51.0736,132.5642,65.57,91,98,2.64
411,Naze,JP,2022-07-15 21:10:55,28.3667,129.4833,80.71,87,89,14.85
412,Bull Savanna,JM,2022-07-15 21:10:55,17.8868,-77.5902,81.81,66,48,3.94
413,Coquimbo,CL,2022-07-15 21:10:56,-29.9533,-71.3436,55.13,58,75,5.75
414,Cosolapa,MX,2022-07-15 21:10:56,18.5833,-96.65,80.92,86,99,3.44
415,Biloela,AU,2022-07-15 21:10:56,-24.4167,150.5,49.68,88,0,7.67
416,Pontivy,FR,2022-07-15 21:10:57,48.0,-3.0,68.58,61,48,11.25
417,Esmeralda,CU,2022-07-15 21:06:09,21.8525,-78.1169,83.66,70,75,9.15
418,Paita,PE,2022-07-15 21:10:57,-5.0892,-81.1144,68.18,69,0,20.15
419,Inirida,CO,2022-07-15 21:10:58,3.8653,-67.9239,78.13,86,86,0.27
420,Tanda,IN,2022-07-15 21:06:06,26.55,82.65,92.25,49,44,10.33
421,Maridi,SS,2022-07-15 21:10:58,4.9158,29.4742,67.57,97,75,2.86
422,Menongue,AO,2022-07-15 21:10:59,-14.6585,17.691,52.66,49,0,4.34
423,Ati,TD,2022-07-15 21:10:59,13.2154,18.3353,78.76,75,74,4.05
424,Grand Gaube,MU,2022-07-15 21:10:59,-20.0064,57.6608,68.38,84,88,5.99
425,Korla,CN,2022-07-15 21:11:00,41.7597,86.1469,78.64,35,100,20.18
426,Port Hardy,CA,2022-07-15 21:11:00,50.6996,-127.4199,56.77,97,100,6.53
427,Ponta Delgada,PT,2022-07-15 21:11:00,37.7333,-25.6667,72.5,73,40,10.36
428,Lompoc,US,2022-07-15 21:11:01,34.6391,-120.4579,92.7,67,0,18.41
429,Sao Jose Da Coroa Grande,BR,2022-07-15 21:08:31,-8.8978,-35.1478,75.31,84,0,10.74
430,Sorland,NO,2022-07-15 21:11:01,67.667,12.6934,48.06,81,100,11.01
431,Jovellar,PH,2022-07-15 21:11:02,13.0695,123.5999,77.29,91,94,1.05
432,Lithakia,GR,2022-07-15 21:06:14,37.7167,20.8333,72.77,73,0,2.21
433,Auchel,FR,2022-07-15 21:11:02,50.5034,2.4735,65.21,69,4,4.36
434,Phuket,TH,2022-07-15 21:08:28,8.0,98.25,85.08,93,40,2.3
435,Kudahuvadhoo,MV,2022-07-15 21:11:03,2.6708,72.8944,82.76,75,98,6.44
436,Shubarkuduk,KZ,2022-07-15 21:11:03,49.1447,56.4872,74.86,39,0,7.63
437,Carlagan,PH,2022-07-15 21:11:04,14.975,122.0456,80.8,82,97,3.6
438,Srednekolymsk,RU,2022-07-15 21:11:04,67.45,153.6833,69.66,44,49,6.49
439,Orikhiv,UA,2022-07-15 21:11:05,47.5673,35.7858,66.97,59,0,7.05
440,Wufeng,CN,2022-07-15 21:11:05,27.45,104.8333,62.02,94,47,5.91
441,Nelson Bay,AU,2022-07-15 21:11:05,-32.7167,152.15,46.0,92,52,7.0
442,Mason City,US,2022-07-15 21:11:06,43.1536,-93.201,83.35,77,100,8.05
443,Bathsheba,BB,2022-07-15 21:11:06,13.2167,-59.5167,84.81,88,40,19.57
444,Westport,US,2022-07-15 21:06:28,41.1415,-73.3579,85.71,51,100,5.75
445,Takaka,NZ,2022-07-15 21:08:59,-40.85,172.8,42.57,73,83,1.52
446,Port Blair,IN,2022-07-15 21:09:45,11.6667,92.75,80.17,84,100,6.51
447,Yenangyaung,MM,2022-07-15 21:11:07,20.4667,94.8833,79.63,84,100,9.95
448,Palu,ID,2022-07-15 21:11:07,-0.8917,119.8707,75.97,84,100,1.9
449,Williams Lake,CA,2022-07-15 21:11:08,52.1415,-122.1445,65.77,67,100,2.3
450,Belmonte,BR,2022-07-15 21:11:08,-15.8631,-38.8828,72.01,85,70,7.49
451,Gwanda,ZW,2022-07-15 21:11:09,-20.9333,29.0,58.98,46,72,12.46
452,Baruun-Urt,MN,2022-07-15 21:11:09,46.6806,113.2792,59.58,94,100,10.31
453,Flinders,AU,2022-07-15 21:11:09,-34.5833,150.8552,46.06,81,85,5.99
454,Picui,BR,2022-07-15 21:11:10,-6.5106,-36.3469,73.09,76,28,14.32
455,Yar-Sale,RU,2022-07-15 21:11:10,66.8333,70.8333,52.68,64,0,8.03
456,Vondrozo,MG,2022-07-15 21:11:10,-22.8167,47.2833,57.42,97,37,0.83
457,Ulaangom,MN,2022-07-15 21:12:11,49.9811,92.0667,53.8,58,12,0.67
458,Miraflores,MX,2022-07-15 21:12:11,19.2167,-98.8083,71.02,76,100,2.75
459,Arcos De La Frontera,ES,2022-07-15 21:12:12,36.7508,-5.8106,86.32,34,0,14.0
460,Farah,AF,2022-07-15 21:12:12,32.5,62.5,84.43,12,1,2.89
461,Innisfail,AU,2022-07-15 21:12:12,-17.5333,146.0333,66.78,83,94,7.65
462,Mitsamiouli,KM,2022-07-15 21:12:13,-11.3847,43.2844,77.05,67,8,9.73
463,Komsomolskiy,UZ,2022-07-15 21:12:13,40.4272,71.7189,77.72,31,0,6.91
464,Luwuk,ID,2022-07-15 21:12:13,-0.9516,122.7875,74.5,91,100,4.12
465,Beloha,MG,2022-07-15 21:12:14,-25.1667,45.05,64.69,87,1,9.98
466,Stara Vyzhivka,UA,2022-07-15 21:12:14,51.4376,24.44,52.36,75,16,6.2
467,Nishihara,JP,2022-07-15 21:12:15,26.1842,127.7558,82.06,94,20,11.5
468,Banda Aceh,ID,2022-07-15 21:12:15,5.5577,95.3222,79.7,79,100,11.43
469,Antalaha,MG,2022-07-15 21:12:15,-14.9003,50.2788,67.73,87,49,6.51
470,Ratnagiri,IN,2022-07-15 21:12:16,16.9833,73.3,79.9,86,100,20.27
471,Kysyl-Syr,RU,2022-07-15 21:12:16,63.8986,122.7617,62.78,92,90,6.58
472,Harrisburg,US,2022-07-15 21:08:31,40.2737,-76.8844,88.38,39,40,4.61
473,Dahra,DZ,2022-07-15 21:12:17,36.2546,0.8519,75.51,54,0,6.49
474,Kollam,IN,2022-07-15 21:12:17,8.8833,76.6,76.57,86,100,6.42
475,Sainte-Adele,CA,2022-07-15 21:12:18,45.9501,-74.1325,80.11,55,53,1.01
476,Joutseno,FI,2022-07-15 21:12:19,61.118,28.5076,55.45,86,47,7.72
477,Faya,SA,2022-07-15 21:12:19,18.3851,42.4509,70.32,42,91,1.92
478,Tocopilla,CL,2022-07-15 21:12:19,-22.092,-70.1979,59.02,57,1,7.49
479,Mihailesti,RO,2022-07-15 21:12:20,44.3267,25.9083,82.94,46,10,5.03
480,Santo Domingo,DO,2022-07-15 21:10:00,18.5001,-69.9886,88.03,68,40,3.0
481,Cartagena,CO,2022-07-15 21:10:01,10.3997,-75.5144,87.42,70,40,8.05
482,Vidim,RU,2022-07-15 21:12:21,56.4088,103.1106,51.53,98,100,2.73
483,Santa Cruz Do Capibaribe,BR,2022-07-15 21:12:22,-7.9575,-36.2047,69.49,87,86,8.3
484,Lufilufi,WS,2022-07-15 21:12:22,-13.8745,-171.5986,77.79,81,33,22.03
485,Coxim,BR,2022-07-15 21:12:22,-18.5067,-54.76,87.71,24,66,7.7
486,Angoche,MZ,2022-07-15 21:12:23,-16.2325,39.9086,68.07,78,0,11.99
487,Nacogdoches,US,2022-07-15 21:12:23,31.6002,-94.6335,94.64,51,40,8.05
488,Northam,GB,2022-07-15 21:12:24,51.0333,-4.2167,60.62,81,97,4.21
489,Vyartsilya,RU,2022-07-15 21:12:24,62.1764,30.693,55.62,100,100,4.29
490,Celestun,MX,2022-07-15 21:12:24,20.8667,-90.4,87.21,65,29,19.98
491,Richards Bay,ZA,2022-07-15 21:08:15,-28.783,32.0377,62.89,80,52,1.39
492,Takoradi,GH,2022-07-15 21:12:25,4.8845,-1.7554,75.6,88,87,11.56
493,Horasan,TR,2022-07-15 21:12:25,40.0458,42.1728,64.54,55,2,5.59
494,Smithers,CA,2022-07-15 21:08:22,54.7804,-127.1743,60.08,83,100,1.19
495,Dauriya,RU,2022-07-15 21:12:26,49.9333,116.8667,61.23,97,100,2.84
496,Olafsvik,IS,2022-07-15 21:12:26,64.8945,-23.7142,50.76,89,100,14.34
497,Maldonado,UY,2022-07-15 21:10:44,-34.6667,-54.9167,52.99,99,97,3.67
498,Bugiri,UG,2022-07-15 21:12:27,0.5714,33.7417,67.12,75,94,0.27
499,Havelock,US,2022-07-15 21:12:27,34.8791,-76.9013,82.98,84,20,10.36
500,Sao Joao Da Barra,BR,2022-07-15 21:12:27,-21.6403,-41.0511,75.29,80,47,18.63
501,Eyl,SO,2022-07-15 21:12:28,7.9803,49.8164,79.7,70,52,23.8
502,Xichang,CN,2022-07-15 21:12:28,27.8964,102.2634,68.11,80,96,1.1
503,Riacho De Santana,BR,2022-07-15 21:12:28,-13.6092,-42.9389,74.7,35,55,8.59
504,Chute-Aux-Outardes,CA,2022-07-15 21:13:29,49.1168,-68.399,68.88,56,61,13.73
505,Shenzhen,CN,2022-07-15 21:12:32,22.5455,114.0683,86.27,93,100,8.43
506,Yantal,RU,2022-07-15 21:13:29,56.8471,105.2542,53.4,98,100,4.41
507,Chimbote,PE,2022-07-15 21:13:30,-9.0853,-78.5783,65.07,75,50,14.32
508,Tshikapa,CD,2022-07-15 21:13:30,-6.4167,20.8,81.59,29,73,1.99
509,Khasan,RU,2022-07-15 21:13:31,42.4308,130.6434,63.3,94,95,3.36
510,Along,IN,2022-07-15 21:13:31,28.1667,94.7667,75.25,97,11,1.9
511,Bogovarovo,RU,2022-07-15 21:13:31,58.9785,47.0246,59.4,98,98,4.65
512,Chernyshevskiy,RU,2022-07-15 21:13:32,63.0128,112.4714,56.91,84,100,6.33
513,Udgir,IN,2022-07-15 21:13:32,18.3833,77.1167,72.3,87,100,15.66
514,Louga,RU,2022-07-15 21:13:33,58.7372,29.8453,51.22,98,21,5.08
515,Taunggyi,MM,2022-07-15 21:13:33,20.7833,97.0333,63.93,97,78,1.86
516,Norilsk,RU,2022-07-15 21:13:33,69.3535,88.2027,52.43,71,10,2.1
517,Bhitarwar,IN,2022-07-15 21:13:34,25.8,78.1167,87.82,61,97,1.97
518,Salihorsk,BY,2022-07-15 21:13:34,52.7876,27.5415,51.06,93,6,8.19
519,Ballina,AU,2022-07-15 21:13:34,-28.8667,153.5667,48.02,97,1,6.15
520,Imbituba,BR,2022-07-15 21:09:21,-28.24,-48.6703,69.85,91,100,13.0
521,Otukpo,NG,2022-07-15 21:13:35,7.1913,8.1329,71.17,97,98,4.99
522,Revadanda,IN,2022-07-15 21:13:35,18.5503,72.9278,79.9,87,100,17.09
523,Katrineholm,SE,2022-07-15 21:13:36,58.9959,16.2072,54.55,64,93,2.21
524,Coihaique,CL,2022-07-15 21:13:36,-45.5752,-72.0662,31.95,74,40,2.3
525,Valle De Allende,MX,2022-07-15 21:13:37,26.9333,-105.4,83.44,28,92,10.16
526,Saint Augustine,US,2022-07-15 21:11:10,29.8947,-81.3145,92.05,67,46,14.34
527,Cody,US,2022-07-15 21:13:37,44.5263,-109.0565,94.91,22,0,11.5
528,Saint-Pierre,RE,2022-07-15 21:13:37,-21.3393,55.4781,66.9,76,75,4.61
529,Yumen,CN,2022-07-15 21:13:38,40.2833,97.2,68.29,45,100,5.53
530,Dwarka,IN,2022-07-15 21:13:38,22.2394,68.9678,81.36,87,100,13.58
531,Chilca,PE,2022-07-15 21:13:39,-12.5211,-76.7372,61.45,80,31,7.07
532,Safranbolu,TR,2022-07-15 21:13:39,41.2508,32.6942,61.77,93,0,2.37
533,Xuanhua,CN,2022-07-15 21:13:39,40.6103,115.0447,79.12,34,100,2.26
534,Comodoro Rivadavia,AR,2022-07-15 21:12:03,-45.8667,-67.5,37.26,81,20,5.75
535,Homestead,US,2022-07-15 21:10:49,25.4687,-80.4776,88.02,70,75,11.5
536,Hualmay,PE,2022-07-15 21:13:40,-11.0964,-77.6139,63.95,74,30,14.63
537,Borskoye,RU,2022-07-15 21:13:40,53.0333,51.7167,63.37,84,0,9.04
538,Varkkallai,IN,2022-07-15 21:13:41,8.7341,76.7067,78.58,88,100,4.92
539,Wagar,SD,2022-07-15 21:13:41,16.1525,36.2032,87.76,48,60,16.64
540,High Prairie,CA,2022-07-15 21:13:41,55.4334,-116.4858,77.86,44,87,5.7
541,Manakara,MG,2022-07-15 21:13:42,-22.1333,48.0167,62.83,91,7,3.6
542,Bambanglipuro,ID,2022-07-15 21:13:42,-7.95,110.2833,74.32,91,28,3.89
543,Omboue,GA,2022-07-15 21:13:43,-1.5746,9.2618,71.13,86,4,6.44
544,Hermiston,US,2022-07-15 21:13:43,45.8404,-119.2895,96.62,15,0,13.8
545,Alice Springs,AU,2022-07-15 21:13:43,-23.7,133.8833,42.35,39,0,0.0
546,Ust-Maya,RU,2022-07-15 21:13:44,60.4167,134.5333,68.95,89,100,2.21
547,Zadar,HR,2022-07-15 21:13:44,44.1197,15.2422,77.61,44,0,4.61
548,La Ronge,CA,2022-07-15 21:13:45,55.1001,-105.2842,75.78,39,66,4.52
549,Marsa Matruh,EG,2022-07-15 21:13:45,31.3525,27.2453,76.84,72,0,10.33
550,Russell,US,2022-07-15 21:14:46,32.3502,-85.1999,90.63,62,0,6.91
551,Sao Pedro Do Sul,BR,2022-07-15 21:14:46,-29.6206,-54.1789,67.15,83,59,6.53
552,Teguise,ES,2022-07-15 21:14:46,29.0605,-13.564,70.02,73,20,16.11
553,Veraval,IN,2022-07-15 21:14:47,20.9,70.3667,81.21,85,100,22.17
554,Blagoyevo,RU,2022-07-15 21:14:47,63.3667,47.9167,65.19,97,100,6.44
555,Meiktila,MM,2022-07-15 21:14:47,20.8667,95.8667,77.09,86,92,11.03
556,Lana,IT,2022-07-15 21:14:48,46.6124,11.1559,76.42,92,23,6.13
557,Dajabon,DO,2022-07-15 21:14:48,19.5488,-71.7083,85.6,65,76,1.14
558,Tacuarembo,UY,2022-07-15 21:12:00,-31.7333,-55.9833,62.73,96,100,1.23
559,Vilhena,BR,2022-07-15 21:14:49,-12.7406,-60.1458,84.63,39,94,4.61
560,Laredo,US,2022-07-15 21:13:05,27.5064,-99.5075,102.49,29,75,11.5
561,Boueni,YT,2022-07-15 21:14:49,-12.9025,45.0761,75.18,69,3,15.41
562,Santa Maria,BR,2022-07-15 21:11:31,-29.6842,-53.8069,66.56,85,41,5.39
563,Lohne,DE,2022-07-15 21:14:50,52.6667,8.2333,60.98,73,77,1.01
564,Pitimbu,BR,2022-07-15 21:14:50,-7.4706,-34.8086,77.59,82,1,13.6
565,Svetlogorsk,BY,2022-07-15 21:14:51,52.6333,29.7333,52.92,92,0,6.71
566,Namatanai,PG,2022-07-15 21:14:51,-3.6667,152.4333,78.67,81,94,6.38
567,Yerbogachen,RU,2022-07-15 21:14:51,61.2767,108.0108,57.94,75,100,0.76
568,Hofn,IS,2022-07-15 21:14:52,64.2539,-15.2082,51.21,84,80,6.8
569,Sicamous,CA,2022-07-15 21:14:52,50.8331,-118.9856,87.19,23,41,6.96
570,Balikpapan,ID,2022-07-15 21:14:53,-1.2675,116.8289,77.99,100,20,2.3
571,Mokrous,RU,2022-07-15 21:14:53,51.2333,47.5167,63.72,75,0,4.94
572,Zhangye,CN,2022-07-15 21:14:29,38.9342,100.4517,65.88,61,99,5.17
573,Cockburn Town,TC,2022-07-15 21:11:23,21.4612,-71.1419,81.84,85,94,20.87
574,Codrington,AU,2022-07-15 21:14:54,-38.2667,141.9667,49.86,61,100,19.04
575,Samana,DO,2022-07-15 21:14:54,19.2056,-69.3369,86.22,74,40,6.91
576,Nuuk,GL,2022-07-15 21:14:55,64.1835,-51.7216,39.81,93,75,12.66
577,Tuljapur,IN,2022-07-15 21:14:55,18.0,76.0833,71.78,87,100,15.1
578,Araguacu,BR,2022-07-15 21:14:55,-12.9306,-49.8264,85.64,30,56,3.47
579,Nueva Granada,CO,2022-07-15 21:14:56,9.8017,-74.393,91.99,47,22,4.81
580,Zyryanka,RU,2022-07-15 21:14:56,65.75,150.85,72.68,55,76,4.9
581,Khilok,RU,2022-07-15 21:14:56,51.3674,110.4676,57.79,85,100,4.74
582,Mnogovershinnyy,RU,2022-07-15 21:14:57,53.9353,139.9242,66.94,67,78,3.24
583,Shimoda,JP,2022-07-15 21:14:57,34.6667,138.95,74.1,91,100,7.78
584,Itaituba,BR,2022-07-15 21:14:57,-4.2761,-55.9836,83.88,68,99,2.19
585,Ovre Ardal,NO,2022-07-15 21:14:58,61.3167,7.8,46.98,90,91,5.41
586,Chibombo,ZM,2022-07-15 21:14:58,-14.6569,28.0706,57.65,56,4,6.15
587,Caxito,AO,2022-07-15 21:14:58,-8.5785,13.6643,67.26,95,4,3.18
588,Wahiawa,US,2022-07-15 21:14:59,21.5028,-158.0236,78.55,72,40,9.22
589,Kalmunai,LK,2022-07-15 21:14:59,7.4167,81.8167,80.28,70,100,6.49
590,Jalu,LY,2022-07-15 21:14:59,29.0331,21.5482,79.68,45,0,16.2
591,Mindelo,CV,2022-07-15 21:15:00,16.8901,-24.9804,74.52,78,82,14.45
592,Aksu,CN,2022-07-15 21:15:00,41.1231,80.2644,71.55,49,63,2.01
593,Fairbanks,US,2022-07-15 21:15:00,64.8378,-147.7164,69.6,46,100,9.22
594,Sabha,LY,2022-07-15 21:16:01,27.0377,14.4283,82.58,20,0,9.44
595,Sept-Iles,CA,2022-07-15 21:16:01,50.2001,-66.3821,73.92,39,75,11.5
596,Anori,BR,2022-07-15 21:16:02,-3.7728,-61.6442,84.09,69,96,2.01
597,Qiongshan,CN,2022-07-15 21:16:02,20.0058,110.3542,80.58,94,0,6.71
598,Praya,CV,2022-07-15 21:16:02,14.9215,-23.5087,77.54,73,20,10.36
599,Cabinda,AO,2022-07-15 21:16:03,-5.55,12.2,71.08,87,21,6.76
600,Udomlya,RU,2022-07-15 21:16:03,57.8794,34.9925,50.61,97,34,5.3
601,Tutoia,BR,2022-07-15 21:16:04,-2.7619,-42.2744,78.89,79,91,8.63
602,Canar,EC,2022-07-15 21:16:04,-2.55,-78.9333,66.24,86,61,1.88
